,POSTCODE_3,AANTAL_BSN,AANTAL_VERZEKERDEJAREN,KOSTEN_MEDISCH_SPECIALISTISCHE_ZORG,KOSTEN_FARMACIE,KOSTEN_TWEEDELIJNS_GGZ,KOSTEN_HUISARTS_INSCHRIJFTARIEF,KOSTEN_HUISARTS_CONSULT,KOSTEN_HUISARTS_OVERIG,KOSTEN_HULPMIDDELEN,KOSTEN_MONDZORG,KOSTEN_PARAMEDISCHE_ZORG_FYSIOTHERAPIE,KOSTEN_PARAMEDISCHE_ZORG_OVERIG,KOSTEN_ZIEKENVERVOER_ZITTEND,KOSTEN_ZIEKENVERVOER_LIGGEND,KOSTEN_KRAAMZORG,KOSTEN_VERLOSKUNDIGE_ZORG,KOSTEN_EERSTELIJNS_PSYCHOLOGISCHE_ZORG,KOSTEN_GRENSOVERSCHRIJDENDE_ZORG,KOSTEN_EERSTELIJNS_ONDERSTEUNING,KOSTEN_OVERIG
count,136142.0,136143.0,136143.0,136143.0,136143.0,136143.0,136143.0,136143.0,136143.0,136143.0,136143.0,136143.0,136143.0,136143.0,136143.0,136143.0,136143.0,136143.0,136143.0,136143.0,136143.0
mean,541.0028940371083,124.97022983186797,122.16978375678534,138937.86023666232,38036.341231793165,30433.721936786966,7871.585189323109,4532.035785460878,4967.597930117475,10557.379154345033,5128.852967174192,4100.208362089859,1543.3033844560484,913.0259895844806,3283.2910788656045,2049.4627347715304,1356.9826376677388,897.7729164921878,2072.271090764851,4.640891121836931,2362.4515137759595
std,258.01436863525896,732.2713364947898,467.7521126170158,209043.25711765856,58967.783666760246,68767.51354641584,11631.49573007095,5832.291610426971,7953.930725785706,17677.118243131215,9469.71688877832,5926.051394839841,3967.5241576114504,3276.1774027434103,6620.704279154627,9914.03605186868,6931.642253727446,1934.8510374833572,24884.96194649347,17.907915980401906,4498.804078272824
min,0.0,10.0,2.32,-16737.21,0.0,-503.64,0.0,0.0,0.0,-1118.67,-222.1,-223.36,-285.38,-131.4,-327.11,-2892.65,0.0,0.0,-1626.18,0.0,-4077.04
25%,318.0,40.0,39.0,29930.705,6245.96,1053.835,2675.6099999999997,1371.895,1626.645,1047.05,115.415,477.38,135.885,0.0,0.0,0.0,0.0,0.0,0.0,0.0,24.52
50%,539.0,81.0,80.0,76830.07,19547.83,7120.02,5392.58,2899.11,3369.6,5017.74,1636.58,2168.8,535.76,0.0,1496.24,0.0,0.0,280.31,144.3,0.0,742.24
75%,763.0,160.0,157.8,180696.645,49271.384999999995,30671.285,10351.564999999999,5842.005,6459.35,13589.295,6222.959999999999,5461.11,1477.65,488.03999999999996,4177.155000000001,0.0,0.0,1109.3049999999998,1025.57,1.26,2852.025
max,999.0,266192.0,166406.19,42526058.56,10057179.92,12142670.49,3207899.58,1047466.09,2203022.44,1983614.31,979866.48,507394.83,238051.91,595786.32,1331402.76,1195928.85,802031.08,387657.16,8769648.44,288.51,622074.32
